Brand,Year,Mileage,Engine_Size,Fuel_Type,Transmission,Previous_Owners,Price
Kia,2015,110373,2.5,Electric,Manual,2,3000
Mercedes,2010,186144,1.3,Electric,Manual,5,4844
Nissan,2018,29574,2.6,Petrol,Manual,1,6628
Kia,2010,139502,2.4,Diesel,Automatic,,3000
BMW,2014,148748,3.5,Diesel,Manual,1,6451
Mazda,2013,146888,1.3,Diesel,Manual,,3000
Nissan,2022,37733,2.5,Petrol,Manual,5,8810
Nissan,2021,7050,1.5,Diesel,Automatic,5,10365
Kia,2022,114996,2,Petrol,Manual,1,4987
Honda,2022,38933,3.2,Hybrid,Manual,,21380
BMW,2023,29951,2.4,Hybrid,Manual,5,25000
Kia,2012,37413,2.1,Petrol,Manual,2,3000
BMW,2022,170873,2.2,Electric,Manual,2,15391
BMW,2015,191691,2.4,Hybrid,Automatic,,4744
Mazda,2011,168985,3.4,Diesel,Manual, ,3000
Nissan,2012,117573,3.7,Petrol,Manual,5,3000
Mercedes,2014,176672,3.9,Diesel,Manual,1,5883
Mazda,2018,193847,3.4,Diesel,Manual,2,3642
Mazda,2011,171472,1.9,Electric,Manual,5,3000
BMW,2019,140566,3.1,Diesel,Manual,1,12735
Hyundai,2017,127744,2.3,Electric,Manual,3,5537
Nissan,2023,94431,,Hybrid,Manual,,8973
Honda,2011,48001,3.5,Petrol,Manual,,4868
Mazda,2020,72364,1.1,Diesel,Manual,3,5917
Mercedes,2022,129988,3.7,Petrol,Automatic,2,27683
Hyundai,2014,50028,2.4,Diesel,Automatic,5,3685
Hyundai,2016,173645,2.9,Petrol,Automatic,,3000
Honda,2017,136878,3,Diesel,Automatic,3,5741
Mazda,2010,129343,3.7,Diesel,Manual,3,3000
Mercedes,2015,192710,2.9,Diesel,Automatic,2,4613
Nissan,2010,133301,2.8,Diesel,Automatic,2,4313
Toyota,2011,131295,1.2,Diesel,Manual,1,3000
Mercedes,2010,165829,2.6,Diesel,Automatic,,6380
Honda,2020,39636,1.5,Diesel,Automatic,1,13245
Hyundai,2014,184352,3.2,Diesel,Manual,3,3000
Nissan,2019,29262,2.5,Diesel,Manual,5,7458
Mercedes,2018,85435,3,Petrol,Manual,5,11522
Toyota,2015,198283,1.1,Electric,Automatic,2,3000
Toyota,2020,190914,1.3,Diesel,Automatic,5,4997
BMW,2020,133583,3.1,Electric,Manual,5,17410
BMW,2010,193051,1.2,Diesel,Manual,5,3000
Kia,2022,174269,1.2,Diesel,Automatic,3,4728
Honda,2010,46844,1,Petrol,Manual,5,3774
Mazda,2011,69754,3.9,Hybrid,Automatic,5,6988
Mercedes,2018,170229,3.2,Hybrid,Manual,5,11955
Mercedes,2012,82129,2.1,Petrol,Manual,1,7955
Mazda,2010,45042,1.9,Electric,Automatic,3,5599
Kia,2014,66665,2,Hybrid,Manual,2,3960
Hyundai,2016,121953,3.3,Petrol,Manual,1,3000
Hyundai,2015,163448,3,Petrol,Manual,4,3000
Kia,2021,191626,1.6,Hybrid,Automatic,3,4950
Hyundai,2010,150271,1.5,Electric,Manual,3,3000
BMW,2014,123533,1.3,Petrol,Manual,4,4682
Mercedes,2014,187020,3,Diesel,Manual,,5167
Kia,2015,78781,3.3,Electric,Manual,,4227
Mercedes,2012,71262,1.8,Electric,Manual,2,11709
Mazda,2014,51600,1.1,Hybrid,Manual,5,3000
Toyota,2016,81898,1.2,Hybrid,Automatic,3,6278
BMW,2014,198555,3.9,Diesel,Automatic,5,4876
Nissan,2014,154369,1.9,Petrol,Manual,5,3000
BMW,2014,35448,3.3,Hybrid,Automatic,4,16584
Kia,2019,31172,2.9,Hybrid,Automatic,2,13478
Nissan,2019,178946,2.1,Electric,Manual,1,5945
Toyota,2012,12657,1.6,Hybrid,Automatic,2,6666
Kia,2010,161497,1.4,Hybrid,Automatic,5,3000
Honda,2014,162757,2.8,Hybrid,Automatic,2,3463
Mercedes,2023,117855,3.3,Hybrid,Automatic,4,37939
Toyota,2018,160650,2.9,Electric,Automatic,1,8465
Mercedes,2023,164903,2.6,Diesel,Automatic,4,15374
Hyundai,2010,12906,1.1,Diesel,Automatic,1,4422
Honda,2012,66413,3.9,Petrol,Automatic,,5345
Honda,2022,59028,3.4,Hybrid,Manual,1,16630
Toyota,2022,12287,1.9,Electric,Manual,1,19306
Honda,2013,38660,3.9,Petrol,Automatic,1,5974
Nissan,2023,65504,2.8,Petrol,Automatic,2,12420
Honda,2010,195792,2.7,Diesel,Manual,2,3000
Mercedes,2010,107979,3.2,Electric,Automatic,,12458
Mercedes,2017,39701,3.4,Electric,Automatic,1,23481
Kia,2011,88300,3,Electric,Manual,3,4664
Mercedes,2021,153746,1.4,Diesel,Manual,5,9643
Kia,2017,88560,2,Diesel,Manual,1,4831
Mercedes,2016,159946,3.8,Diesel,Automatic,1,11048
Nissan,2019,48642,1.7,Diesel,Automatic,2,8290
Mazda,2019,70160,2.1,Diesel,Manual,5,7234
Kia,2011,22602,2.3,Hybrid,Manual,,5129
BMW,2015,108320,2.3,Hybrid,Automatic,1,11076
Hyundai,2015,93801,2.8,Electric,Manual,5,4373
Toyota,2012,30931,3.8,Petrol,Automatic,,6175
Mercedes,2020,99377,1.7,Electric,Automatic,,24785
Honda,2011,34192,1.4,Petrol,Manual,5,3877
Mazda,2021,51542,1.6,Diesel,Manual,3,8894
Mercedes,2010,132015,3.7,Petrol,Automatic,5,7366
Honda,2015,47520,2.9,Electric,Manual,1,8488
Hyundai,2021,69772,1.9,Electric,Manual,5,12079
Hyundai,2014,194834,3.4,Petrol,Manual,3,3000
Hyundai,2023,55106,3.6,Hybrid,Manual,4,12756
Honda,2023,86121,3.5,Diesel,Automatic,5,15361
Mercedes,2020,30559,3.8,Diesel,Automatic,2,38708
Hyundai,2018,110595,1.8,Electric,Automatic,1,7967
Nissan,2010,38742,3.3,Hybrid,Automatic,1,7811
Kia,2016,74669,2.4,Petrol,Manual,,3289
Honda,2014,157826,3.5,Diesel,Manual,,3392
Honda,2014,140044,3.2,Hybrid,Automatic,5,4456
Mercedes,2023,75831,3.3,Diesel,Automatic,2,35646
Honda,2011,117217,3,Hybrid,Manual,4,4989
Honda,2020,46873,1.5,Hybrid,Automatic,,16026
Hyundai,2012,111532,2.6,Electric,Automatic,2,5660
Mercedes,2016,131267,4,Diesel,Manual,,11221
Hyundai,2015,145975,3.8,Petrol,Automatic,4,3000
Kia,2021,139092,1.1,Electric,Manual,,6074
Mazda,2011,46755,1.5,Electric,Manual,1,5094
Kia,2015,90956,1.4,Petrol,Automatic,5,3000
Mazda,2011,91988,3.2,Electric,Manual,,4192
Hyundai,2011,50648,3.5,Hybrid,Automatic,3,5742
Kia,2011,130991,1.6,Hybrid,Manual,3,3000
Mercedes,2023,145588,2.5,Diesel,Automatic,4,21982
Toyota,2020,120005,3.5,Diesel,Automatic,,10940
Hyundai,2012,7396,3.2,Petrol,Automatic,1,5200
Mazda,2011,89082,2.6,Diesel,Manual,3,3000
Nissan,2013,155201,2.8,Hybrid,Manual,,3000
Mazda,2018,133322,2.5,Petrol,Automatic,4,5678
Nissan,2015,137663,1.9,Petrol,Manual,4,3000
Honda,2010,16303,2.7,Diesel,Automatic,3,7516
Kia,2017,166633,,Hybrid,Automatic,2,4631
Nissan,2021,76719,3.6,Petrol,Manual,4,11401
Mazda,2023,104616,2.9,Hybrid,Automatic,5,11926
Honda,2016,129165,3.3,Hybrid,Manual,5,6119
Toyota,2019,91231,1.5,Hybrid,Automatic,1,10991
Mercedes,2012,12314,2.4,Diesel,Manual,3,12563
Mercedes,2010,24623,1,Electric,Automatic,2,15144
Mercedes,2014,110228,1.7,Electric,Automatic,1,9375
Nissan,2022,169202,3.2,Petrol,Manual,3,5100
Toyota,2013,187828,4,Hybrid,Automatic,4,3653
Nissan,2019,102624,1.3,Diesel,Automatic,5,6258
Kia,2017,162364,2.2,Hybrid,Manual,2,3000
Nissan,2010,116785,3.4,Hybrid,Automatic,5,4231
Toyota,2019,91206,1.6,Diesel,Manual,4,6990
Toyota,2010,74274,2.7,Electric,Automatic,3,6445
Kia,2021,138541,3.2,Hybrid,Manual,4,6245
Toyota,2013,58947,2.8,Hybrid,Automatic,4,7063
Mazda,2017,158606,1.6,Electric,Automatic,5,3672
Toyota,2014,199692,2.1,Diesel,Automatic,,3000
Mercedes,2011,53874,3.4,Petrol,Manual,,9256
Mazda,2015,54708,2.7,Electric,Manual,,5133
Mazda,2014,79553,1,Petrol,Manual,2,3000
Kia,2011,73344,3.3,Petrol,Manual,3,3284
BMW,2022,54138,1.1,Electric,Automatic,3,28968
BMW,2023,190374,3.2,Hybrid,Automatic,1,18113
Toyota,2020,52638,1.6,Petrol,Manual,5,9571
Mazda,2020,83249,3.9,Petrol,Manual,2,10242
BMW,2020,110865,2.1,Diesel,Manual,4,14940
BMW,2012,7719,2,Hybrid,Automatic,3,13806
Toyota,2018,158962,1.4,Petrol,Manual,2,3224
BMW,2016,172581,1.9,Diesel,Manual,,4020
Nissan,2016,47534,3.6,Hybrid,Automatic,1,7340
Honda,2020,97241,4,Electric,Automatic,3,21842
Kia,2015,154859,2.1,Electric,Manual,2,3000
Honda,2017,131209,2.3,Diesel,Automatic,2,6372
Toyota,2013,184917,3.2,Electric,Manual,2,3366
Mercedes,2017,194004,3.7,Petrol,Automatic,5,8408
Kia,2013,97124,2.8,Hybrid,Manual,5,3041
Toyota,2017,96659,2.2,Petrol,Manual,5,4042
Mazda,2018,169134,2.2,Petrol,Manual,4,3000
Mercedes,2012,80713,3.1,Electric,Manual,2,12778
Honda,2012,196533,1,Petrol,Automatic,,3000
Toyota,2020,80418,2.9,Electric,Automatic,5,19856
Mazda,2022,133232,2.1,Hybrid,Automatic,5,8030
Kia,2011,170904,3.4,Hybrid,Automatic,2,3103
Kia,2022,168038,1.3,Petrol,Manual,5,3610
Hyundai,2019,149059,2.8,Diesel,Manual,,4206
Mazda,2012,173383,2.4,Electric,Automatic,4,3619
Nissan,2012,36575,2.9,Electric,Automatic,5,8270
BMW,2014,68852,1.2,Petrol,Automatic,,7477
Mercedes,2014,137079,2.7,Electric,Automatic,2,12195
Mazda,2011,81242,2.7,Electric,Automatic,2,6588
Hyundai,2021,183589,2.7,Diesel,Manual,1,4188
BMW,2019,34257,2.8,Diesel,Manual,5,19372
BMW,2022,178279,3,Petrol,Manual,2,10534
Toyota,2015,149353,3.4,Diesel,Automatic,4,3796
BMW,2014,66246,1.8,Petrol,Automatic,3,6346
Nissan,2015,6435,3.5,Hybrid,Automatic,3,9056
Kia,2010,96357,2.5,Petrol,Automatic,2,3476
Hyundai,2014,162732,1.2,Hybrid,Manual,3,3000
BMW,2018,141156,1.2,Petrol,Manual,3,7193
Toyota,2021,149579,2,Electric,Automatic,1,14384
Nissan,2019,88807,3.4,Diesel,Manual,4,6700
Honda,2023,181611,3.1,Hybrid,Manual,4,8044
Kia,2011,120953,3.4,Petrol,Automatic,1,3632
Kia,2010,143563,2.6,Diesel,,1,3000
Hyundai,2023,186264,2.3,Petrol,,3,5831
Kia,2019,128797,1.4,Diesel,,5,3802
BMW,2022,68888,2,Diesel,,3,23723
Toyota,2020,78609,2.3,Petrol,,1,12501
Kia,2018,14077,1.3,,,4,6864
Kia,2019,25953,1.7,,,3,8786
Honda,2018,119682,2.8,,,5,11779
Honda,2018,,3.2,,,3,9488
Mercedes,2015,,4,,Automatic,2,11783
Nissan,2017,,3.8,,Automatic,3,5094
BMW,2023,,2.9,,Automatic,1,22932
Kia,2020,,2.3,,Automatic,4,7307
Mazda,2022,,,,Manual,4,6725
Kia,2010,,,Diesel,Automatic,1,4096
Toyota,2019,92266,,Petrol,Manual,2,6569
Mercedes,2013,157499,,Petrol,Automatic,1,5278
Nissan,2010,105732,,Diesel,Automatic,3,5142
Mazda,2017,32083,,Diesel,Automatic,1,8617
Mercedes,,62372,,Hybrid,Manual,1,10717
Hyundai,,128786,2.8,Petrol,Automatic,2,3456
Nissan,,180136,1.6,Petrol,Automatic,3,4794
Kia,,12813,2.1,Petrol,Automatic,5,4035
Kia,2017,36598,2,Hybrid,Manual,5,6396
Nissan,2015,98106,1.1,Petrol,Manual,4,3000
Kia,2023,32082,1.1,Hybrid,Manual,1,12696
BMW,2019,34241,3.5,Electric,Automatic,4,28699
Nissan,2021,180641,1.8,Hybrid,Manual,2,4332
,2016,16745,2.6,Electric,Automatic,5,23845
,2023,31029,1.9,Petrol,Manual,1,9672
,2017,149097,3.8,Electric,Manual,2,7055
,2011,,1.8,Hybrid,Automatic,2,3661
,2022,,2.3,Diesel,,1,11993
,2019,,3.6,Electric,,2,28017
Hyundai,2023,,3.5,Electric,,1,12628
Mercedes,2020,,1.6,Petrol,,1,12914
Honda,2017,46846,3.4,Hybrid,,3,9896
Honda,2012,80932,2.4,Electric,,4,6095
Nissan,2016,153554,2.4,Electric,,2,3786
Hyundai,2012,28411,1.4,Electric,,2,4458
Toyota,2016,187047,1.2,Electric,,3,4296
Nissan,2023,196617,3.2,Diesel,,3,6632
Hyundai,2020,83797,2.5,Hybrid,Automatic,,11491
Mercedes,2021,57307,2.3,Petrol,Automatic,,23884
Mercedes,2022,139165,3.2,Petrol,Manual,,18509
Mercedes,2011,27042,3.3,Diesel,Manual,,10316
Mercedes,2019,57930,1.5,Hybrid,Manual,,19886
Mercedes,2015,180485,2.8,Electric,Manual,,7741
Hyundai,2012,102883,1.4,Diesel,Automatic,4,3000
Hyundai,2012,38756,3.3,Hybrid,Automatic,1,7042
BMW,2018,58268,3,Electric,Manual,2,23944
Mazda,2016,175286,3.9,Diesel,Manual,2,3456
Honda,2014,164674,1.2,Hybrid,Automatic,3,3239
Kia,2021,189403,1.2,Petrol,Automatic,3,3096
Mercedes,2019,53901,1.8,Petrol,Automatic,1,17302
Toyota,2016,104986,1.8,Hybrid,Automatic,3,4920
Kia,2018,199488,1.7,Petrol,Manual,2,3000
Hyundai,2010,168268,3.7,Hybrid,Automatic,3,3000
Toyota,2016,133386,1.7,Electric,Automatic,5,6486
Toyota,2015,10626,1.8,Hybrid,Manual,3,5219
Toyota,2019,143496,3.3,Electric,Automatic,2,10672
,,,,,,1,35080
,,,,,,4,7778
Toyota,2018,138052,1.2,Diesel,Manual,3,3835
Mercedes,2010,184362,2.5,Petrol,Manual,2,3876
Nissan,2022,31431,1.1,Electric,Automatic,4,15610
Toyota,2013,89976,1.2,Hybrid,Automatic,,4204
BMW,2018,87711,3.7,Diesel,Manual,,11985
Kia,2013,31385,1.4,Electric,,,
Hyundai,2019,174230,2.6,Electric,,,
Mazda,2012,159091,2.2,Petrol,,,
BMW,2018,23639,2,Petrol,,,
Toyota,2022,90530,3.7,Electric,,,
Hyundai,2011,26563,1.1,Electric,,,5399
Nissan,2013,175413,3,Hybrid,,,3193
Toyota,2015,120672,3.9,Electric,,,
BMW,2011,141848,2.7,Hybrid,,,
Honda,,,,,,,
Mercedes,,,,,,,7460
Mazda,2010,87970,2.3,Hybrid,,,3804
Kia,2021,90553,1.8,Diesel,Automatic,1,8933
BMW,2012,166779,3.2,Petrol,Automatic,4,4746
Hyundai,2019,175182,3.9,Hybrid,Manual,5,5077
Mazda,2018,197860,1.8,Hybrid,Automatic,5,3873
Mazda,2014,87879,3,Diesel,Automatic,2,4788
Mazda,2015,174899,1.6,Hybrid,Manual,4,3000
Toyota,2013,141727,2.7,Electric,Manual,4,4750
Mercedes,2019,49859,2.4,Diesel,Manual,5,14855
Toyota,2011,189697,3.9,Petrol,Automatic,4,3000
Hyundai,2020,57098,2.8,Petrol,Manual,5,8370
Toyota,2017,151323,2,Electric,Automatic,2,6148
Honda,2020,127413,1.3,Petrol,Automatic,5,5689
Mercedes,2022,5526,1.5,Hybrid,Automatic,4,42585
Mercedes,2015,73760,1.7,Hybrid,Automatic,4,9101
Hyundai,2014,52837,1.8,Electric,Manual,5,3838
Kia,2018,16536,3.6,Petrol,Manual,5,8391
Honda,2010,33541,2.7,Petrol,Automatic,5,6261
BMW,2014,84083,2.6,Electric,Manual,3,10782
Toyota,2015,187099,1.3,Diesel,Automatic,4,3000
Nissan,2014,39531,3.6,Petrol,Automatic,4,4741
Toyota,2015,13712,3.2,Diesel,Automatic,3,8621
Mazda,2015,109101,1.2,Petrol,Manual,5,3000
Toyota,2016,70455,3.1,Petrol,Automatic,2,7916
BMW,2013,79744,2.6,Petrol,Automatic,5,8006
Toyota,2023,134749,1.2,Petrol,Manual,5,7414
Honda,2020,10109,2.4,Hybrid,Manual,3,14727
Honda,2023,54268,2.5,Diesel,Manual,4,14256
Mercedes,2023,59615,1.5,Diesel,Manual,5,24241
Hyundai,,,,,,4,
Kia,,,,,,1,
Nissan,,,,,,4,
Mazda,,,,,,2,
Toyota,,,,,,2,
Toyota,2012,162661,3,Electric,Manual,5,4495
BMW,2012,166087,2.6,Diesel,Manual,4,4804
Hyundai,2017,165081,1.2,Petrol,Manual,5,3000
Honda,2014,88309,2.5,Petrol,Manual,3,4224
Nissan,2013,131446,3.4,Hybrid,Automatic,2,4877
Mercedes,2017,198118,2.4,Electric,Manual,5,7630
Honda,2015,111661,1.2,Hybrid,Manual,3,3971
Mazda,2011,162215,3.4,Electric,Manual,5,3428
Hyundai,2013,11154,1.6,Diesel,Manual,4,4033
Mazda,2021,157876,1.8,Electric,Automatic,4,8808
Kia,2020,177760,1.5,Hybrid,Manual,4,3797
Mercedes,2013,69288,2,Hybrid,Manual,4,8147
Kia,2015,56195,3.3,Hybrid,Manual,1,4573
BMW,2015,25581,2.6,Diesel,Manual,3,11048
,,188720,1.6,Electric,Automatic,3,3000
,,35087,3.6,Electric,Manual,4,43994
,,186002,3.6,Hybrid,Automatic,1,7097
Kia,2015,169053,3.6,Electric,Manual,4,3000
Hyundai,2012,74298,1.7,Petrol,Automatic,1,3381
Mazda,2023,51167,2.4,Petrol,Automatic,4,14217
Nissan,2018,179480,4,Petrol,Manual,2,4378
Mercedes,2011,44499,3.3,Electric,Manual,2,13086
Honda,2020,130816,1.1,Diesel,Automatic,5,6646
Hyundai,2017,188341,1.2,Diesel,Automatic,4,3000
Hyundai,2019,174631,2.4,Diesel,Manual,3,3477
BMW,2012,101347,,Diesel,Automatic,5,9410
Kia,2022,53787,2.6,Petrol,Automatic,2,10649
Mazda,2021,40488,2.5,Petrol,Automatic,4,9928
Mazda,2014,79441,1.3,Hybrid,Manual,5,3047
Toyota,2015,27431,3,Electric,Automatic,4,8156
Toyota,2019,66681,3.5,Electric,Automatic,2,19424
,,199555,2.1,Diesel,Automatic,5,4661
,,127720,3.3,Petrol,Manual,2,6578
,,54153,3.9,Diesel,Manual,1,4407
,,11368,1.6,Hybrid,Automatic,2,4750
Nissan,2010,163496,2.6,Electric,Manual,4,3000
BMW,2013,117360,1.9,Electric,Automatic,3,9305
Mercedes,2010,181076,3.4,Diesel,Manual,2,4561
Mercedes,2021,117755,2.7,Hybrid,Manual,3,21265
BMW,2010,61985,2.9,Electric,Automatic,1,13084
Mercedes,2019,55069,3.4,Hybrid,Manual,5,27039
BMW,2023,57326,2.2,Hybrid,Manual,5,25699
Honda,2015,113737,3.7,Diesel,Manual,3,3906
BMW,2014,159470,2.6,Petrol,Automatic,5,5728
Kia,2023,55861,1.5,Diesel,Manual,2,8283
BMW,2020,80897,3.1,Petrol,Manual,3,13992
Mercedes,2013,132118,3.4,Hybrid,Automatic,4,10423
Mazda,2022,73577,2,Petrol,Manual,2,8759
Kia,2020,14078,3.6,Hybrid,Manual,2,13942
Mercedes,2012,161075,3.7,Electric,Manual,2,7695
Toyota,2010,67768,1.8,Electric,Manual,4,5467
Toyota,2015,56047,4,Electric,Manual,1,8036
Mazda,2011,76626,1.4,Diesel,Automatic,5,3000
Mazda,2017,62660,1.6,Diesel,Automatic,3,6555
Kia,2019,185858,1.6,Hybrid,Manual,1,3613
Honda,2014,137997,3.7,Electric,Manual,3,4748
Mazda,2016,122832,3,Diesel,Manual,5,3627
Toyota,2019,135406,1.5,Electric,Automatic,4,8049
BMW,2021,130150,2.3,Diesel,Automatic,2,19983
Mercedes,2011,162087,2.8,Petrol,Manual,2,4207
Toyota,2022,38320,1.3,Petrol,Manual,4,8539
Toyota,2017,69881,3.6,Electric,Automatic,1,14103
,,95827,3.4,Hybrid,Manual,1,5793
,,107215,2.5,Diesel,Automatic,3,3378
,,162361,3.9,Diesel,Automatic,4,3000
,,139461,2.3,Petrol,Manual,1,3000
,,161755,4,Petrol,Automatic,4,6349
,,149701,3,Hybrid,Manual,5,5472
Kia,2018,66550,2.9,Hybrid,Manual,2,8303
Mercedes,2020,29826,1.5,Hybrid,Manual,2,19021
Mazda,2017,105734,3.6,Electric,Manual,2,7344
Honda,2015,162702,2.3,Petrol,Manual,4,3000
Mazda,2016,182235,1.5,Electric,Manual,4,3000
Toyota,2012,103511,1,Petrol,Automatic,3,3503
Mercedes,2023,16653,2.7,Petrol,Automatic,2,42655
Mercedes,2010,164033,2.6,Diesel,Automatic,3,5486
Toyota,2014,86941,3.2,Petrol,Automatic,2,6409
Honda,2023,38662,3.7,Petrol,Manual,3,17377
Toyota,2021,103818,1.2,Electric,Automatic,3,12165
Mazda,2021,192518,3.2,Petrol,Automatic,5,4975
Hyundai,2011,157360,1.6,Electric,Automatic,3,3000
Mercedes,2023,100081,3.6,Hybrid,Manual,4,33975
Nissan,2014,41877,3.5,Petrol,Automatic,3,6242
Nissan,2017,116562,2.6,Petrol,Manual,2,4790
Mazda,2020,151385,3.1,Electric,Automatic,3,11618
BMW,2018,77715,1.9,Hybrid,Manual,1,15850
Kia,2011,146398,2.4,Diesel,Manual,2,3000
Toyota,2021,115091,3.5,Hybrid,Automatic,1,15636
Toyota,2012,137632,2.4,Electric,Manual,2,4604
BMW,2012,84148,2.1,Hybrid,Manual,4,6359
BMW,2010,88186,2.5,Electric,Automatic,4,12681
Mazda,2017,162817,3.5,Electric,Automatic,4,5913
Mazda,2015,167962,2,Diesel,Automatic,1,3000
BMW,2021,156094,1.5,Petrol,Manual,5,7308
Mercedes,2022,128629,3.1,Electric,Manual,2,25967
Mazda,2017,188651,3.5,Electric,Manual,4,4148
Hyundai,2020,75316,1.3,Diesel,Automatic,2,7417
Mazda,2018,33380,1.7,Electric,Manual,1,9360
Toyota,2014,115198,1.4,Petrol,Manual,5,3000
Mazda,2023,7356,,Diesel,Manual,1,14328
Mercedes,2021,75326,2.4,Petrol,Manual,2,17062
BMW,2023,97447,3.2,Petrol,Manual,5,17093
Toyota,2012,119994,3,Diesel,Manual,5,3969
Mazda,2014,25049,2.9,Electric,Manual,1,6502
Mercedes,2014,110361,2.1,Petrol,Automatic,4,5796
Hyundai,2014,21082,3.5,Petrol,Automatic,2,5202
Mazda,2012,5661,2.4,Petrol,Automatic,3,4267
Mercedes,2020,173484,3.9,Petrol,Manual,3,12067
Hyundai,2023,7920,2.9,Diesel,Manual,1,14096
BMW,2019,196387,1.4,Diesel,Automatic,2,7351
Mazda,2023,84561,3,Hybrid,Manual,2,15241
Hyundai,2013,13946,2,Hybrid,Automatic,1,5364
Toyota,2018,181572,3.1,Petrol,Manual,2,5053
BMW,2022,21309,1.2,Electric,Manual,4,27660
Toyota,2019,60230,1.5,Petrol,Automatic,1,9844
Nissan,2018,116822,3.6,Electric,Automatic,4,10984
Honda,2011,166099,1.7,Petrol,Automatic,2,3000
Mazda,2017,117340,3.5,Hybrid,Automatic,1,7417
Hyundai,2017,64321,1.8,Hybrid,Automatic,2,6474
Honda,2016,137028,2.9,Electric,Manual,1,4722
Honda,2017,79131,3.1,Petrol,Manual,2,5196
Hyundai,2023,183980,2.5,Electric,Manual,4,6654
BMW,2012,30963,1.9,Hybrid,Automatic,4,10681
Mazda,2022,106757,1.6,Petrol,Automatic,2,7836
Nissan,2015,175515,1.1,Petrol,Automatic,1,3000
Toyota,2010,104259,1.9,Electric,Automatic,3,6555
Mercedes,2016,44063,3,Diesel,Automatic,4,16893
Toyota,2010,119225,3.8,Electric,Automatic,4,8615
Mercedes,2018,121400,3.6,Hybrid,Manual,3,15997
Toyota,2010,85818,3.3,Hybrid,Manual,2,6439
Hyundai,2010,9703,3.4,Hybrid,Manual,1,6938
Nissan,2016,77099,3,Hybrid,Manual,2,5631
Mazda,2011,161921,1.8,Hybrid,Manual,5,3000
Mercedes,2023,167932,3.7,Diesel,Automatic,4,25366
Mazda,2014,36585,,Petrol,Automatic,5,4832
Mazda,2017,158087,2.7,Electric,Automatic,4,5532
Mazda,2017,48585,1.3,Electric,Automatic,4,6618
Kia,2012,31958,2.3,Hybrid,Automatic,5,4218
BMW,2016,31017,2.4,Electric,Automatic,5,19290
Toyota,2012,129677,3.6,Hybrid,Manual,2,5175
Mazda,2015,181422,2.6,Diesel,Automatic,5,3000
Toyota,2015,148273,2.1,Diesel,Automatic,2,3152
Mazda,2012,34426,3.9,Petrol,Automatic,2,5972
Mercedes,2016,22778,1.3,Diesel,Automatic,2,12700
BMW,2012,181313,2.3,Diesel,Manual,4,3313
BMW,2017,47229,1.1,Petrol,Manual,4,9642
Hyundai,2019,91652,3.2,Electric,Automatic,5,9217
Kia,2013,133267,3.8,Hybrid,Manual,4,3080
Hyundai,2022,184436,1.8,Hybrid,Manual,5,5163
Hyundai,2010,131503,3.6,Electric,Automatic,4,4395
Hyundai,2013,89878,1.9,Petrol,Automatic,1,3659
Hyundai,2023,62056,3.7,Electric,Automatic,1,24625
Hyundai,2016,163562,3.3,Diesel,Automatic,5,3606
Nissan,2020,24975,3.4,Petrol,Automatic,4,11045
BMW,2013,162795,1.1,Petrol,Manual,4,3000
Hyundai,2022,159351,3.9,Petrol,Automatic,2,7458
Mazda,2015,147633,3.2,Hybrid,Automatic,3,3899
BMW,2018,93397,1.9,Electric,Automatic,5,18939
BMW,2010,185225,3.5,Petrol,Manual,3,4607
Honda,2022,38142,1.8,Petrol,Automatic,3,15148
Nissan,2014,31916,3.6,Petrol,Automatic,5,6622
Hyundai,2020,69324,1.3,Electric,Automatic,4,11105
Toyota,2016,181037,3.1,Hybrid,Manual,5,3355
Mercedes,2010,130932,2.6,Diesel,Automatic,3,7055
Kia,2023,140720,1.3,Hybrid,Automatic,4,8298
Mazda,2013,171205,1.7,Petrol,Automatic,1,3000
Toyota,2015,186749,1,Hybrid,Manual,5,3000
Nissan,2011,101059,2.4,Hybrid,Automatic,5,4590
Mercedes,2019,103317,,Diesel,Automatic,4,17753
Nissan,2014,40046,2.8,Electric,Automatic,1,6623
Mazda,2020,183136,1.9,Electric,Manual,1,5939
BMW,2019,106459,1.9,Hybrid,Automatic,4,18515
Mercedes,2010,50893,3.2,Hybrid,Automatic,2,15071
BMW,2015,106520,1.1,Electric,Automatic,5,6525
Mazda,2015,130818,3.7,Electric,Manual,5,3647
Toyota,2022,66272,3.6,Diesel,Manual,3,17097
Mazda,2013,72649,3,Petrol,Automatic,4,4586
Toyota,2022,69674,2.8,Hybrid,Manual,3,18914
Mercedes,2017,149832,3.7,Electric,Manual,3,13800
Mercedes,2013,157999,1.6,Hybrid,Manual,1,4665
Hyundai,2017,91475,1.2,Hybrid,Automatic,5,4186
Nissan,2022,66367,1.7,Electric,Automatic,3,17154
Hyundai,2017,148660,3.4,Diesel,Manual,1,3433
Nissan,2014,126750,1.1,Hybrid,Manual,4,3000
Hyundai,2022,123154,2.7,Diesel,Manual,3,7547
BMW,2013,188305,4,Electric,Automatic,5,6045
Mercedes,2021,49738,3.6,Petrol,Automatic,3,27793
Toyota,2022,38397,2.6,Petrol,Manual,4,13037
Nissan,2011,87189,1.2,Hybrid,Manual,3,3000
Mazda,2020,81367,3.5,Electric,Manual,5,10204
Nissan,2012,125585,2.8,Diesel,Manual,1,3461
Toyota,2012,81619,1.3,Hybrid,Automatic,5,5566
Hyundai,2013,116453,1.3,Electric,Manual,1,3000
Nissan,2013,24816,3.7,Electric,Automatic,2,10383
Kia,2019,178312,3,Diesel,Manual,5,3362
BMW,2020,142348,3.5,Hybrid,Manual,5,15846
Mercedes,2020,84530,3.6,Electric,Manual,4,32729
Toyota,2014,159571,2.7,Electric,Manual,3,4437
Mercedes,2013,113856,2.6,Electric,Manual,1,11145
Kia,2020,76635,2.3,Diesel,Automatic,1,7379
Nissan,2023,112803,2,Hybrid,Manual,4,8422
Nissan,2019,40946,2.3,Hybrid,Manual,4,11206
Mazda,2017,60204,3.3,Hybrid,Manual,3,7087
Kia,2015,187958,2.8,Hybrid,Automatic,3,3000
Toyota,2015,20563,3.7,Petrol,Automatic,5,7959
Mazda,2017,97324,,Petrol,Automatic,2,5816
BMW,2016,14847,2.8,Hybrid,Automatic,3,19822
Mazda,2019,31155,2.9,Diesel,Manual,4,8208
Honda,2023,84671,2.8,Petrol,Manual,3,13993
Toyota,2020,121891,3.1,Electric,Manual,1,10465
Honda,2021,88310,1.7,Petrol,Automatic,2,8397
Kia,2019,154381,2.5,Electric,Manual,5,5570
Hyundai,2022,136691,1.3,Hybrid,Manual,1,5493
Honda,2017,186180,2.2,Petrol,Automatic,1,3311
BMW,2023,39707,,Diesel,Automatic,2,35463
Mazda,2011,156409,3,Petrol,Automatic,5,3000
Hyundai,2018,86537,3.9,Petrol,Manual,4,5259
Mazda,2010,183686,2.8,Petrol,Manual,5,3000
Honda,2017,96155,3.2,Hybrid,Automatic,3,9224
Mazda,2021,5281,2.5,Diesel,Manual,1,12093
Kia,2020,163492,,Petrol,Automatic,3,5674
Hyundai,2021,175102,1.2,Diesel,Automatic,4,4845
Kia,2021,137130,1.8,Hybrid,Manual,3,5883
Honda,2013,81260,2.1,Electric,Automatic,5,7246
Kia,2013,164476,2.4,Petrol,Automatic,3,3000
BMW,2014,165928,1.1,Diesel,Automatic,4,3708
Honda,2017,145272,1.4,Diesel,Manual,4,4001
Honda,2014,69178,1.8,Hybrid,Automatic,4,5346
Honda,2017,38997,3.9,Petrol,Automatic,5,11704
Toyota,2019,161683,2,Electric,Automatic,4,8336
Mazda,2010,124273,2.4,Diesel,Automatic,1,3858
Toyota,2021,177307,1.6,Petrol,Automatic,4,5639
Toyota,2019,171129,2.8,Electric,Automatic,3,8919
BMW,2018,137311,1.8,Diesel,Automatic,3,9680
Hyundai,2015,131945,1.6,Diesel,Manual,3,3000
Mazda,2012,50272,2.5,Electric,Manual,5,5256
Kia,2022,94393,1,Electric,Automatic,3,11778
Nissan,2023,66212,1,Hybrid,Manual,5,9176
Honda,2017,151470,1.7,Petrol,Manual,5,3000
Kia,2018,125030,1.1,Petrol,Automatic,4,3371
Honda,2015,61503,1.3,Hybrid,Manual,1,4769
BMW,2020,142710,2,Diesel,Automatic,4,14954
Honda,2016,11570,3.4,Electric,Automatic,4,11882
Toyota,2010,73785,2.7,Electric,Automatic,5,8106
Mazda,2023,14110,2.5,Electric,Automatic,5,20806
Nissan,2014,84141,1.9,Diesel,Automatic,3,4146
Mercedes,2014,17115,3.8,Electric,Manual,3,20073
Honda,2019,44062,2.2,Electric,Automatic,4,13805
Kia,2023,27911,1.3,Hybrid,Manual,2,10748
Toyota,2013,109061,2.9,Diesel,Automatic,2,6192
Mercedes,2015,37556,1.3,Petrol,Automatic,3,9921
Nissan,2016,133335,2,Hybrid,Automatic,2,4618
Mercedes,2018,6969,2.5,Hybrid,Manual,3,22397
Toyota,2010,48753,3.6,Petrol,Automatic,5,5917
Mazda,2015,140542,2.5,Hybrid,Automatic,4,3583
Mazda,2016,126863,3.1,Diesel,Automatic,1,5205
Hyundai,2012,15225,4,Electric,Automatic,4,9265
Mazda,2017,128008,1.4,Diesel,Manual,3,3000
Hyundai,2014,159268,1.8,Petrol,Automatic,3,3000
Mercedes,2018,110823,2.2,Petrol,Manual,4,9327
BMW,2014,18669,2.3,Hybrid,Automatic,3,11373
Kia,2018,173452,2.2,Diesel,Manual,2,3000
Kia,2019,129398,3.7,Diesel,Manual,2,5612
Mercedes,2013,115677,3.1,Petrol,Automatic,3,7058
Honda,2018,53320,2.8,Diesel,Automatic,3,9276
Honda,2014,183486,1.9,Petrol,Manual,2,3000
Mazda,2019,151649,3.5,Diesel,Automatic,3,5770
Kia,2018,130354,3.9,Diesel,Automatic,3,5086
Kia,2012,93009,3.5,Diesel,Automatic,4,3729
Hyundai,2013,191481,1,Petrol,Manual,1,3000
BMW,2018,33625,2.9,Hybrid,Automatic,2,24335
Toyota,2019,29089,1.2,Diesel,Automatic,4,8722
Honda,2020,41487,1.8,Petrol,Automatic,1,12792
Kia,2015,115448,1.2,Petrol,Manual,3,3000
Hyundai,2011,55138,2.8,Diesel,Automatic,3,5112
Nissan,2016,178895,3.1,Diesel,Manual,4,3000
Hyundai,2011,173280,1.3,Hybrid,Automatic,3,3000
Honda,2020,59061,2.2,Petrol,Manual,5,9513
Honda,2011,166731,2.4,Petrol,Automatic,4,3000
Hyundai,2020,106376,2.1,Electric,Automatic,1,10065
Toyota,2010,167962,1.4,Petrol,Manual,4,3000
Mercedes,2020,84134,2.3,Hybrid,Manual,2,19815
Honda,2020,52055,3.3,Electric,Manual,4,13494
Hyundai,2021,24508,1.2,Electric,Automatic,3,14839
Kia,2020,178359,1.2,Electric,Automatic,3,5607
Hyundai,2012,163056,2.1,Diesel,Automatic,5,3000
BMW,2015,115169,3.8,Diesel,Automatic,5,8947
Mercedes,2017,13125,3,Petrol,Manual,5,12948
Nissan,2018,41059,3,Electric,Automatic,1,15267
Toyota,2016,108409,2.1,Hybrid,Automatic,5,5520
Mazda,2013,153159,2.8,Diesel,Automatic,1,3000
Nissan,2015,10704,1,Hybrid,Automatic,5,5719
Mercedes,2014,196648,2.9,Hybrid,Automatic,1,6071
Mercedes,2017,116279,3.7,Diesel,Automatic,4,15342
Mercedes,2010,163280,2.8,Diesel,Automatic,4,6129
Nissan,2010,123516,3.6,Diesel,Manual,3,3201
Kia,2022,175954,3.2,Diesel,Automatic,1,7185
Mercedes,2020,161995,1.4,Electric,Automatic,2,13864
Hyundai,2015,119044,3.7,Electric,Automatic,3,5093
Nissan,2019,34165,1.2,Electric,Automatic,4,10033
Mazda,2021,72203,2.6,Electric,Manual,1,14112
Mercedes,2011,9114,1.4,Petrol,Manual,5,9064
Hyundai,2014,41321,1,Electric,Manual,2,4790
Kia,2010,78297,2.3,Diesel,Manual,4,3000
BMW,2016,101652,1.9,Hybrid,Manual,3,7609
Kia,2010,104304,2.5,Electric,Manual,1,3763
Mazda,2013,161498,2.7,Petrol,Automatic,2,3000
Mercedes,2018,22772,1.1,Diesel,Manual,1,12512
Mazda,2010,108754,1.4,Hybrid,Manual,5,3301
Nissan,2013,8712,2.7,Hybrid,Automatic,3,6793
Honda,2015,137439,2,Electric,Manual,1,4904
Mercedes,2015,120142,3.2,Hybrid,Automatic,4,11974
Honda,2021,96736,3,Electric,Automatic,3,20325
Hyundai,2022,56924,3.5,Electric,Manual,4,14598
BMW,2017,8726,3.1,Diesel,Automatic,1,15987
Toyota,2010,94152,2.3,Diesel,Manual,3,3865
Mazda,2016,32723,3,Petrol,Manual,4,4493
Kia,2010,131969,1.8,Diesel,Automatic,5,3000
BMW,2022,105494,1.9,Diesel,Automatic,5,19257
Mercedes,2023,145180,3.4,Electric,Manual,1,27546
Honda,2016,40643,2.3,Diesel,Automatic,3,7540
Kia,2012,167396,3.4,Electric,Automatic,2,3775
Honda,2020,108896,3.5,Electric,Manual,3,11375
Nissan,2017,144999,3.6,Diesel,Manual,5,5137
Honda,2012,98680,3.7,Petrol,Automatic,4,4481
Nissan,2023,101546,,Petrol,Manual,2,8893
Hyundai,2023,158515,2,Hybrid,Manual,1,7202
Kia,2022,84973,2.7,Hybrid,Manual,2,11720
Kia,2010,68449,2.1,Diesel,Manual,1,3000
Toyota,2022,114834,2.8,Petrol,Manual,2,9989
Mercedes,2022,196305,3.1,Electric,Manual,1,17625
Nissan,2023,30537,3.1,Hybrid,Manual,1,16487
Toyota,2017,82576,,Electric,Automatic,2,10832
Honda,2012,112522,1.5,Hybrid,Manual,2,4282
Honda,2011,27612,2.3,Diesel,Automatic,1,7797
Toyota,2010,11471,1.4,Petrol,Automatic,5,4172
Kia,2023,171703,3.7,Hybrid,Automatic,2,8639
Honda,2012,36348,2,Petrol,Manual,3,3951
Mazda,2011,6177,1.5,Electric,Manual,4,4950
Hyundai,2011,140832,1.1,Diesel,Automatic,1,3000
Hyundai,2015,37779,2.9,Petrol,Manual,1,3450
Mazda,2021,26636,2.9,Diesel,Automatic,4,16485
Toyota,2010,86889,2,Petrol,Manual,5,4063
Mazda,2011,58551,1.2,Electric,Manual,4,3262
Nissan,2023,147628,2.2,Electric,Automatic,2,11766
Nissan,2015,163670,1.9,Diesel,Automatic,4,3000
Toyota,2012,147635,3,Electric,Automatic,1,5215
Mazda,2013,51819,2.8,Hybrid,Manual,4,5003
Nissan,2010,78770,2.1,Petrol,Automatic,3,4041
Kia,2017,163038,1.7,Electric,Manual,2,3834
Mazda,2022,195961,4,Hybrid,Manual,4,7289
Kia,2016,163059,2.4,Diesel,Manual,1,3000
Nissan,2016,83714,3.1,Hybrid,Automatic,2,7441
Hyundai,2012,194420,1.4,Diesel,Automatic,1,3000
Nissan,2019,29596,2.5,Diesel,Automatic,5,10995
Kia,2019,169246,1.1,Petrol,Manual,3,3000
BMW,2012,69106,2.5,Petrol,Manual,5,5745
Mercedes,2023,64182,3.9,Hybrid,Automatic,3,42834
Honda,2011,92163,2.2,Petrol,Manual,4,3140
Mazda,2021,44310,1.1,Petrol,Manual,2,8478
BMW,2010,61088,1.1,Petrol,Automatic,4,5940
Nissan,2016,133803,2.2,Hybrid,Automatic,3,4179
Hyundai,2016,144978,1.5,Electric,Automatic,3,3630
Toyota,2021,41914,1.1,Petrol,Manual,3,9898
Nissan,2011,115350,3.3,Petrol,Manual,1,3000
Hyundai,2016,50379,2.4,Hybrid,Manual,2,6215
Mercedes,2022,173722,1.9,Electric,Manual,4,18081
Nissan,2017,182953,3.7,Petrol,Manual,4,3158
Kia,2010,51413,1.3,Diesel,Automatic,5,3474
Toyota,2018,142084,3.9,Hybrid,Manual,3,6560
Hyundai,2016,186187,1.9,Petrol,Manual,3,3000
Hyundai,2012,12151,3.7,Petrol,Manual,3,5206
Hyundai,2017,62716,2.8,Diesel,Automatic,4,5396
Mercedes,2016,98747,3.5,Diesel,Automatic,5,11204
Nissan,2020,172450,4,Hybrid,Automatic,1,9350
Mercedes,2022,178724,1.9,Hybrid,Manual,2,12315
Mazda,2017,149539,3.9,Diesel,Automatic,1,6386
Honda,2015,167082,2.2,Hybrid,Automatic,4,3000
Honda,2018,126999,2.2,Diesel,Automatic,3,7581
Mazda,2014,119793,2,Petrol,Manual,2,3000
Nissan,2012,190763,2.6,Diesel,Automatic,4,3000
Kia,2012,113177,1.5,Diesel,Manual,4,3000
Mercedes,2010,17289,2.7,Electric,Manual,4,14565
Toyota,2021,181048,2.6,Diesel,Automatic,2,8890
Hyundai,2017,179668,,Diesel,Manual,2,3000
Hyundai,2011,159243,3.5,Electric,Automatic,5,3682
Nissan,2012,91365,2.3,Hybrid,Manual,5,3877
Kia,2017,119014,1.9,Electric,Automatic,1,6246
Honda,2023,180211,1.8,Petrol,Automatic,2,6989
Honda,2017,184785,1.6,Electric,Automatic,2,5581
Hyundai,2023,165806,1.2,Petrol,Manual,2,4065
Nissan,2020,77588,2,Hybrid,Automatic,5,10600
Mercedes,2013,68646,1.8,Electric,Manual,4,11171
Honda,2013,8654,3.9,Electric,Automatic,3,12535
Mercedes,2014,23743,2.7,Hybrid,Manual,5,13772
Kia,2015,53368,2,Petrol,Manual,2,3490
Honda,2014,142513,2.7,Electric,Automatic,5,4926
Honda,2023,124735,1.4,Petrol,Automatic,1,8322
BMW,2016,160683,2.3,Electric,Automatic,2,7437
Honda,2011,124891,2.9,Diesel,Automatic,1,5031
Mazda,2016,112971,2.5,Electric,Automatic,2,6904
Toyota,2019,17149,2.2,Hybrid,Manual,5,11058
Mazda,2016,105102,4,Hybrid,Automatic,4,5632
Nissan,2010,64189,3.6,Petrol,Automatic,3,4265
Nissan,2016,157747,2.9,Electric,Manual,1,4855
Mercedes,2014,76031,2.7,Petrol,Automatic,5,8473
Mazda,2012,47668,2.9,Petrol,Automatic,4,4438
Mazda,2022,149745,1.6,Diesel,Manual,5,5422
Mazda,2012,93204,2.2,Diesel,Automatic,1,4461
Kia,2013,159741,1.1,Hybrid,Automatic,3,3000
Honda,2022,170140,2.4,Petrol,Automatic,5,7775
Toyota,2021,145507,2.6,Hybrid,Manual,2,8503
Mercedes,2011,188321,1.7,Electric,Automatic,4,5895
Mazda,2011,42384,3.9,Petrol,Manual,5,4752
Mazda,2010,86929,3.7,Petrol,Automatic,4,5220
BMW,2014,132959,3.2,Electric,Manual,2,7615
Mercedes,2013,81153,,Electric,Automatic,3,11048
Mazda,2020,80388,3.6,Hybrid,Manual,3,9103
Mercedes,2019,36401,1.4,Hybrid,Manual,2,18268
Honda,2011,124503,3.4,Electric,Manual,4,5925
BMW,2012,132834,1.4,Hybrid,Manual,5,4154
Mercedes,2016,39084,3.4,Electric,Manual,2,18228
Toyota,2016,115641,1.8,Petrol,Manual,1,3504
Toyota,2021,110111,3.6,Petrol,Automatic,4,10382
Nissan,2013,191898,3.8,Diesel,Automatic,3,3000
BMW,2014,172523,1.4,Petrol,Manual,2,3000
BMW,2014,143299,2.4,Electric,Manual,3,6594
Nissan,2015,167982,3.9,Hybrid,Manual,4,3406
Mercedes,2023,41041,2.5,Diesel,Manual,3,29689
BMW,2018,93920,3.6,Hybrid,Automatic,2,17642
Toyota,2011,70681,2.8,Electric,Manual,4,7776
Toyota,2014,86571,2.1,Petrol,Automatic,1,4940
Mazda,2021,132556,1.9,Diesel,Automatic,2,8288
Honda,2012,31160,1.6,Electric,Manual,5,4849
BMW,2013,22633,3.3,Diesel,Manual,2,8751
Mercedes,2019,22014,2.2,Diesel,Automatic,4,18956
Nissan,2015,85532,2.5,Petrol,Automatic,2,3546
Nissan,2021,54104,2.5,Electric,Manual,1,14209
Mercedes,2017,177693,2.7,Hybrid,Manual,1,9902
Kia,2010,82231,3.6,Diesel,Manual,5,3384
Hyundai,2019,73388,3.9,Diesel,Automatic,3,9279
Honda,2023,21014,2.2,Hybrid,Automatic,4,22961
Nissan,2017,97578,3.5,Electric,Manual,4,6527
BMW,2020,169827,3.3,Diesel,Automatic,3,14231
Honda,2023,45390,2.7,Diesel,Automatic,1,20472
BMW,2016,28711,3.9,Diesel,Manual,1,15533
Kia,2010,96658,1.6,Electric,Manual,2,3989
Toyota,2011,62993,1.3,Electric,Automatic,5,5577
Honda,2012,163285,3.6,Hybrid,Automatic,5,4389
Mazda,2010,193856,2.3,Electric,Manual,5,3000
Nissan,2023,12421,3.5,Electric,Manual,2,26572
Honda,2018,22727,3.7,Petrol,Manual,5,9760
Honda,2017,117418,1.2,Hybrid,Manual,3,5683
Honda,2011,9358,3.7,Diesel,Manual,2,5692
Hyundai,2022,70108,2.3,Electric,Automatic,3,18026
Honda,2018,99018,2.5,Diesel,Automatic,2,6926
BMW,2016,129457,2.9,Diesel,Automatic,5,8719
Toyota,2018,168189,3.8,Petrol,Automatic,3,7279
Kia,2015,36910,1.1,Electric,Manual,3,3460
Mercedes,2015,131888,2.4,Hybrid,Manual,3,7160
Honda,2020,60754,3.1,Electric,Manual,2,14999
Nissan,2023,198510,3.2,Diesel,Automatic,4,8205
Honda,2013,114847,3.1,Hybrid,Automatic,5,6217
Nissan,2019,165443,1.4,Electric,Automatic,3,6620
BMW,2019,187573,1.9,Diesel,Manual,4,6853
Nissan,2022,197018,2.1,Diesel,Automatic,5,5951
Mazda,2022,43467,3.4,Petrol,Manual,5,10884
Mercedes,2011,153697,1.8,Petrol,Manual,3,4263
Toyota,2016,38893,1.6,Petrol,Manual,3,5389
Nissan,2014,81329,3.9,Diesel,Manual,2,4324
Nissan,2020,36007,1,Electric,Manual,4,8264
Toyota,2015,175604,4,Petrol,Manual,4,3000
Mercedes,2011,59253,3,Electric,Automatic,3,13632
Honda,2014,17323,3.5,Petrol,Manual,5,6439
Nissan,2019,116335,1.9,Hybrid,Manual,3,6444
Toyota,2013,117356,1,Hybrid,Automatic,5,4208
Mazda,2018,115944,3.2,Petrol,Manual,5,4695
Mazda,2015,150282,3.5,Diesel,Automatic,3,3038
BMW,2011,21456,3.2,Petrol,Automatic,1,11240
Toyota,2010,36367,1.4,Petrol,Automatic,4,5345
BMW,2014,59624,3.3,Diesel,Manual,5,9176
Mazda,2018,146178,3.3,Hybrid,Manual,5,6356
Mercedes,2015,73008,3,Electric,Automatic,1,16909
Honda,2019,130926,3.3,Petrol,Manual,2,7103
Toyota,2021,120395,3.5,Diesel,Manual,1,11733
Kia,2016,121492,2.8,Petrol,Automatic,1,4245
Mazda,2014,77240,1.3,Diesel,Automatic,5,3679
Mazda,2019,69315,2.5,Electric,Manual,4,7869
Kia,2015,15756,1.2,Electric,Automatic,1,5429
Hyundai,2014,41378,2.2,Hybrid,Automatic,2,5766
Mazda,2020,140327,2.2,Diesel,Automatic,3,7278
Nissan,2018,150556,1.2,Diesel,Manual,1,3111
Mercedes,2015,130703,2,Hybrid,Manual,1,8096
Toyota,2020,61549,1.3,Hybrid,Manual,2,12553
Kia,2017,170575,3.4,Diesel,Automatic,4,3254
Nissan,2011,78794,3.8,Hybrid,Manual,1,6352
Kia,2021,50113,1.2,Electric,Automatic,1,10006
Toyota,2022,79069,3.9,Petrol,Manual,4,11403
BMW,2018,141321,2.6,Electric,Manual,2,11041
Toyota,2014,155273,1.9,Hybrid,Automatic,1,3278
Hyundai,2016,130541,1.2,Diesel,Manual,4,3000
Toyota,2019,194648,2.5,Diesel,Automatic,1,4490
Toyota,2022,14686,3.4,Electric,Manual,3,23206
Hyundai,2010,58363,3.1,Diesel,Manual,5,3188
Mercedes,2019,102543,1.2,Hybrid,Automatic,3,15207
Mazda,2014,136733,1.2,Electric,Automatic,1,3000
Toyota,2021,180915,2.2,Diesel,Automatic,2,7767
Hyundai,2023,100673,1.9,Petrol,Manual,5,6084
Nissan,2019,197035,1.7,Petrol,Manual,3,3087
BMW,2023,47828,1.8,Hybrid,Manual,4,29764
BMW,2011,53604,3.4,Diesel,Automatic,2,9484
Toyota,2021,15526,3.8,Hybrid,Automatic,3,29906
Mercedes,2015,73910,2.2,Electric,Automatic,4,10561
Mercedes,2020,30592,3.7,Petrol,Manual,1,22971
Nissan,2010,33982,2,Electric,Manual,4,4422
Toyota,2012,5207,2.4,Diesel,Automatic,3,6748
BMW,2014,93733,1.7,Hybrid,Manual,3,7086
Mercedes,2013,129982,2.9,Hybrid,Automatic,1,11279
Toyota,2012,73619,3.9,Hybrid,Manual,4,6169
Kia,2019,165400,2.8,Electric,Manual,4,5686
Mercedes,2022,51479,,Petrol,Automatic,1,24304
Hyundai,2014,156175,2.9,Electric,Manual,4,3346
Kia,2020,175963,1.4,Electric,Manual,1,4042
Mazda,2017,146826,3.7,Diesel,Automatic,2,4535
Mercedes,2020,86437,2.5,Diesel,Automatic,3,19170
BMW,2013,103540,2.3,Diesel,Manual,2,5635
Honda,2010,77982,2.8,Petrol,Automatic,5,4871
Kia,2020,107747,2.9,Petrol,Manual,5,6426
Mazda,2016,191994,1.2,Diesel,Automatic,5,3000
Nissan,2017,53231,3,Diesel,Manual,1,7353
Nissan,2012,34301,1.7,Petrol,Manual,4,3635
BMW,2015,198783,3.1,Hybrid,Automatic,2,6282
Mercedes,2011,177395,3.5,Petrol,Manual,2,4409
Toyota,2016,23752,3.4,Petrol,Manual,2,7057
Mercedes,2017,103452,2.7,Petrol,Automatic,2,14633
BMW,2015,149467,2.6,Diesel,Automatic,5,6383
Nissan,2015,126237,1.4,Hybrid,Manual,2,3000
Mercedes,2014,61273,3.3,Petrol,Automatic,4,9317
Nissan,2017,96878,1.8,Diesel,Automatic,5,4668
Kia,2010,9895,2.5,Electric,Manual,2,5786
Mazda,2019,124968,1.9,Electric,Manual,1,7641
Toyota,2013,120700,1.4,Petrol,Automatic,3,3000
Kia,2013,81559,2.9,Electric,Automatic,3,5612
Nissan,2012,15699,1.2,Hybrid,Automatic,3,5473
Nissan,2012,14715,3.2,Electric,Manual,5,7005
Honda,2013,24169,2,Electric,Manual,2,7358
Honda,2020,123413,1,Hybrid,Manual,5,7534
Kia,2010,152235,2.5,Petrol,Manual,4,3000
Hyundai,2023,124264,,Petrol,Manual,1,6683
Kia,2020,10782,1.8,Hybrid,Manual,1,8537
Honda,2022,129481,3.1,Hybrid,Manual,3,10498
Nissan,2020,40585,1.2,Hybrid,Automatic,3,10061
BMW,2011,35682,3.5,Electric,Automatic,3,14535
Kia,2018,183936,1,Hybrid,Manual,2,3000
Nissan,2019,134992,1.7,Diesel,Manual,4,3942
BMW,2011,89416,3.2,Electric,Manual,4,11841
BMW,2014,191186,1.9,Petrol,Automatic,4,3045
Honda,2018,132810,1.3,Petrol,Manual,4,4420
Kia,2018,43067,2.1,Petrol,Automatic,3,5258
Mercedes,2017,178757,1.8,Electric,Automatic,1,11884
Toyota,2010,23073,3.5,Diesel,Automatic,3,8729
Honda,2010,41035,1.9,Hybrid,Automatic,4,5157
Honda,2018,95373,3.4,Hybrid,Automatic,3,12675
Mercedes,2022,88362,3.7,Petrol,Manual,4,23632
Toyota,2020,95517,,Petrol,Manual,5,8876
Nissan,2017,70450,,Electric,Automatic,1,11768
Hyundai,2019,15382,2.1,Diesel,Manual,5,8001
Kia,2018,140509,3.9,Hybrid,Automatic,2,7776
Hyundai,2016,66929,1.3,Electric,Automatic,3,5319
Nissan,2012,103864,3.1,Hybrid,Manual,2,3472
Mazda,2012,148401,2.5,Petrol,Manual,3,3000
Honda,2011,30169,2.2,Hybrid,Manual,5,5398
Toyota,2014,92468,2.9,Diesel,Manual,4,4419
Honda,2021,39594,3.1,Diesel,Manual,4,11122
BMW,2021,196703,1,Petrol,Automatic,3,7251
Honda,2012,50033,1.5,Diesel,Manual,4,4749
Honda,2023,68133,3.1,Diesel,Manual,5,13337
Nissan,2015,78861,3,Electric,Manual,4,5120
Nissan,2011,188362,3.9,Hybrid,Automatic,5,3428
Nissan,2021,36750,3.3,Petrol,Manual,2,13151
Hyundai,2012,45461,3.9,Petrol,Automatic,5,4808
BMW,2014,83222,3.1,Petrol,Manual,1,6937
Mazda,2021,117020,1.9,Petrol,Manual,1,7290
Mazda,2020,29226,1.3,Petrol,Automatic,1,9557
Nissan,2020,11721,3.3,Diesel,Manual,3,10469
Toyota,2010,192226,2.9,Electric,Manual,3,3000
Hyundai,2022,25609,1.1,Petrol,Automatic,3,9639
Mercedes,2010,188202,2.1,Electric,Manual,5,4503
Toyota,2019,135513,3.9,Electric,Automatic,3,12428
Kia,2018,109211,2.5,Diesel,Automatic,2,6591
Kia,2016,191321,2.3,Petrol,Automatic,1,3000
Toyota,2010,184967,2.4,Diesel,Automatic,5,3000
Nissan,2021,141728,1.6,Petrol,Automatic,1,5958
Mercedes,2023,129865,2.1,Diesel,Manual,3,19929
Mercedes,2017,79520,2.1,Electric,Manual,5,15973
Hyundai,2012,199812,1.2,Petrol,Manual,4,3000
Mercedes,2017,69309,3.3,Hybrid,Automatic,2,21001
Kia,2014,34984,2.2,Electric,Automatic,3,4990
BMW,2010,123947,3.5,Hybrid,Automatic,3,11346
Nissan,2016,10901,3.6,Electric,Automatic,2,13360
Mercedes,2014,167624,1.6,Diesel,Manual,2,4111
Hyundai,2015,36055,3,Petrol,Manual,4,3695
Kia,2015,173757,2.4,Electric,Automatic,3,3000
BMW,2017,150788,3.6,Diesel,Automatic,3,11473
Honda,2018,119099,1.6,Petrol,Manual,1,4619
Honda,2011,16138,3,Petrol,Automatic,5,5799
BMW,2018,171370,2.8,Electric,Automatic,5,12176
Kia,2021,187184,1.9,Petrol,Automatic,1,3451
Hyundai,2020,28429,1.4,Electric,Manual,5,10736
BMW,2019,55200,3,Petrol,Manual,2,13198
Nissan,2018,184316,3.2,Hybrid,Automatic,5,5486
Nissan,2022,106268,1.9,Diesel,Manual,5,6836
Honda,2019,22347,2.9,Hybrid,Automatic,1,15438
Mercedes,2019,152992,2.2,Electric,Automatic,4,17841
Hyundai,2016,36822,3.1,Hybrid,Manual,5,7006
Honda,2010,182731,1.6,Electric,Automatic,5,3453
Mercedes,2016,45108,3.7,Petrol,Automatic,4,13199
Mercedes,2019,133955,1.9,Petrol,Manual,1,9103
Mazda,2014,12967,2.1,Electric,Automatic,4,7908
Nissan,2015,115719,1.2,Hybrid,Automatic,1,3530
Kia,2019,16871,1.3,Petrol,Automatic,2,6095
Toyota,2016,169685,2.5,Diesel,Manual,1,3790
Kia,2023,33179,1.8,Petrol,Automatic,2,12815
Toyota,2014,188260,3.5,Diesel,Manual,2,3233
BMW,2016,60099,1,Hybrid,Automatic,1,12574
Nissan,2018,40262,2.1,Diesel,Automatic,3,9771
Mercedes,2012,83213,2,Diesel,Automatic,1,7675
Hyundai,2017,122407,1.1,Diesel,Automatic,5,3000
Toyota,2011,154340,1.4,Diesel,Manual,5,3000
Kia,2020,91269,2.2,Petrol,Manual,3,5750
Mercedes,2016,65545,2.5,Diesel,Automatic,2,12772
Toyota,2022,44922,2.2,Petrol,Automatic,3,14734
Toyota,2011,47913,2.6,Diesel,Automatic,5,5971
Mazda,2023,102033,2.8,Electric,Automatic,3,17200
Toyota,2013,109792,1,Hybrid,Automatic,1,3493
Hyundai,2016,191749,2.4,Diesel,Automatic,3,3000
Nissan,2012,185913,3.9,Electric,Automatic,2,4015
Hyundai,2011,182404,2.6,Diesel,Automatic,1,3000
Honda,2020,124863,3,Diesel,Manual,4,7137
Mercedes,2019,161104,1.9,Diesel,Manual,5,9077
Nissan,2016,173918,3.3,Electric,Manual,5,4071
Mazda,2010,195546,3.3,Hybrid,Automatic,3,3000
Nissan,2023,49936,2.6,Electric,Automatic,1,18249
Nissan,2017,165866,3.9,Hybrid,Automatic,4,5616
Kia,2012,197660,1.4,Diesel,Manual,1,3000
Nissan,2021,186403,1.1,Petrol,Automatic,5,4607
Mazda,2021,33141,3.3,Diesel,Manual,1,10651
Hyundai,2022,145146,3.4,Hybrid,Automatic,4,11111
Nissan,2011,142478,1.4,Electric,Manual,3,3000
BMW,2012,102359,1.8,Diesel,Manual,2,5808
Mercedes,2014,128279,1.1,Electric,Manual,1,7059
Nissan,2020,159363,1.9,Electric,Automatic,2,7471
Mercedes,2017,46568,3.3,Electric,Manual,5,20105
BMW,2019,102539,2.6,Diesel,Automatic,3,14167
BMW,2016,51851,2,Electric,Automatic,3,13987
Mercedes,2016,59823,2.1,Electric,Automatic,1,18092
Toyota,2021,28312,1,Diesel,Automatic,3,11842
Honda,2016,179180,1.9,Electric,Automatic,1,5097
Kia,2017,170243,2.9,Diesel,Manual,1,3080
Toyota,2010,177851,3.9,Hybrid,Automatic,2,4410
Toyota,2013,103723,3.5,Hybrid,Automatic,3,5498
Hyundai,2022,17411,1.1,Hybrid,Automatic,1,13488
Kia,2015,62009,3.7,Electric,Automatic,2,7457
Kia,2018,151494,3.3,Petrol,Automatic,4,4004
Toyota,2022,178540,3.3,Petrol,Manual,2,8173
Nissan,2011,37371,2.4,Electric,Manual,2,5392
Hyundai,2010,62022,2.2,Petrol,Automatic,1,4368
Hyundai,2022,76229,1.9,Diesel,Manual,5,6705
BMW,2019,104071,1.2,Petrol,Manual,5,10261
Mazda,2021,187268,1.7,Electric,Automatic,5,6246
Kia,2023,101774,1.7,Electric,Manual,2,9349
Toyota,2011,31715,2.5,Diesel,Automatic,1,6289
BMW,2016,32605,,Hybrid,Manual,3,13741
Mercedes,2012,104853,,Electric,Manual,2,11859
Honda,2019,36174,1.2,Diesel,Manual,2,7280
Mazda,2011,146028,3.9,Petrol,Automatic,1,3000
Mazda,2023,81373,3.8,Petrol,Manual,4,11846
Mazda,2020,74252,3.4,Diesel,Manual,2,9404
Hyundai,2016,198021,4,Diesel,Automatic,4,3000
Mercedes,2022,198718,2.6,Electric,Automatic,4,18634
Mazda,2022,75017,3.9,Petrol,Manual,5,9701
Mercedes,2011,68037,,Diesel,Automatic,1,9952
Nissan,2012,94818,2.1,Petrol,Manual,4,3000
Mazda,2020,11548,1.7,Diesel,Manual,1,7894
Honda,2016,121981,1.6,Petrol,Automatic,5,4140
Mercedes,2023,159249,1.4,Hybrid,Automatic,1,20720
Mercedes,2013,29022,2.9,Electric,Automatic,2,16857
Honda,2022,111297,3.3,Petrol,Manual,4,10894
Mazda,2023,141614,2.7,Hybrid,Automatic,1,10530
Honda,2010,65428,1.4,Petrol,Manual,3,3314
Mercedes,2022,158812,3.4,Petrol,Automatic,1,22549
Honda,2023,64353,2.9,Hybrid,Manual,4,14837
Mercedes,2014,118132,2.2,Petrol,Automatic,5,6531
Mercedes,2021,192604,3,Petrol,Manual,5,10776
Nissan,2018,21052,1.8,Electric,Automatic,4,13831
Toyota,2017,105689,2,Hybrid,Manual,2,6296
Mercedes,2021,183148,3.8,Hybrid,Automatic,2,19708
Mazda,2018,189492,1.9,Diesel,Automatic,5,3283
BMW,2019,136743,2.4,Petrol,Manual,5,10981
